framework,framework_version,system,model,attn_tp,moe_tp,ep,num_slots,gemm_quant,moe_quant,attn_quant,kv_quant,phase,batch_size,new_tokens,past_kv,layer_type,layer_index,measured_layer_count,layer_multiplier,latency_ms,rms_latency_ms,rms_kernel_count,includes_moe,moe_weight_mode,latency_source,physical_gpus,max_num_seqs,max_num_batched_tokens,vllm_config_hash
vLLM,0.20.1,h100_sxm,Qwen/Qwen3-32B,8,1,1,,bf16,bf16,bf16,bf16,ctx,1,1,0,dense,0,64,64,7.894786999713688,0.0,0,False,dense,schedule_to_update,1,,2048,6952ce31bf653b1a
vLLM,0.20.1,h100_sxm,Qwen/Qwen3-32B,8,1,1,,bf16,bf16,bf16,bf16,ctx,1,16,0,dense,0,64,64,7.500130750486278,0.0,0,False,dense,schedule_to_update,1,,2048,6952ce31bf653b1a
vLLM,0.20.1,h100_sxm,Qwen/Qwen3-32B,8,1,1,,bf16,bf16,bf16,bf16,ctx,1,128,0,dense,0,64,64,7.795221750711789,0.0,0,False,dense,schedule_to_update,1,,2048,6952ce31bf653b1a
vLLM,0.20.1,h100_sxm,Qwen/Qwen3-32B,8,1,1,,bf16,bf16,bf16,bf16,ctx,1,1024,0,dense,0,64,64,18.915850500889064,0.0,0,False,dense,schedule_to_update,1,,2048,6952ce31bf653b1a
vLLM,0.20.1,h100_sxm,Qwen/Qwen3-32B,8,1,1,,bf16,bf16,bf16,bf16,ctx,1,2048,0,dense,0,64,64,32.28967475115496,0.0,0,False,dense,schedule_to_update,1,,2048,6952ce31bf653b1a
vLLM,0.20.1,h100_sxm,Qwen/Qwen3-32B,8,1,1,,bf16,bf16,bf16,bf16,ctx,1,1,16,dense,0,64,64,7.677760749174922,0.0,0,False,dense,schedule_to_update,1,,2048,6952ce31bf653b1a
vLLM,0.20.1,h100_sxm,Qwen/Qwen3-32B,8,1,1,,bf16,bf16,bf16,bf16,ctx,1,16,16,dense,0,64,64,7.360694249655353,0.0,0,False,dense,schedule_to_update,1,,2048,6952ce31bf653b1a
vLLM,0.20.1,h100_sxm,Qwen/Qwen3-32B,8,1,1,,bf16,bf16,bf16,bf16,ctx,1,128,16,dense,0,64,64,7.791623749653809,0.0,0,False,dense,schedule_to_update,1,,2048,6952ce31bf653b1a
vLLM,0.20.1,h100_sxm,Qwen/Qwen3-32B,8,1,1,,bf16,bf16,bf16,bf16,ctx,1,1024,16,dense,0,64,64,19.024027249542996,0.0,0,False,dense,schedule_to_update,1,,2048,6952ce31bf653b1a
vLLM,0.20.1,h100_sxm,Qwen/Qwen3-32B,8,1,1,,bf16,bf16,bf16,bf16,ctx,1,2048,16,dense,0,64,64,32.24423475057847,0.0,0,False,dense,schedule_to_update,1,,2048,6952ce31bf653b1a
vLLM,0.20.1,h100_sxm,Qwen/Qwen3-32B,8,1,1,,bf16,bf16,bf16,bf16,ctx,1,1,128,dense,0,64,64,8.185001499441569,0.0,0,False,dense,schedule_to_update,1,,2048,6952ce31bf653b1a
vLLM,0.20.1,h100_sxm,Qwen/Qwen3-32B,8,1,1,,bf16,bf16,bf16,bf16,ctx,1,16,128,dense,0,64,64,7.544343499830575,0.0,0,False,dense,schedule_to_update,1,,2048,6952ce31bf653b1a
vLLM,0.20.1,h100_sxm,Qwen/Qwen3-32B,8,1,1,,bf16,bf16,bf16,bf16,ctx,1,128,128,dense,0,64,64,7.977612500326359,0.0,0,False,dense,schedule_to_update,1,,2048,6952ce31bf653b1a
vLLM,0.20.1,h100_sxm,Qwen/Qwen3-32B,8,1,1,,bf16,bf16,bf16,bf16,ctx,1,1024,128,dense,0,64,64,18.91972350040305,0.0,0,False,dense,schedule_to_update,1,,2048,6952ce31bf653b1a
vLLM,0.20.1,h100_sxm,Qwen/Qwen3-32B,8,1,1,,bf16,bf16,bf16,bf16,ctx,1,2048,128,dense,0,64,64,32.152250249055214,0.0,0,False,dense,schedule_to_update,1,,2048,6952ce31bf653b1a
vLLM,0.20.1,h100_sxm,Qwen/Qwen3-32B,8,1,1,,bf16,bf16,bf16,bf16,ctx,1,1,256,dense,0,64,64,9.363580249555525,0.0,0,False,dense,schedule_to_update,1,,2048,6952ce31bf653b1a
vLLM,0.20.1,h100_sxm,Qwen/Qwen3-32B,8,1,1,,bf16,bf16,bf16,bf16,ctx,1,16,256,dense,0,64,64,7.702505749875854,0.0,0,False,dense,schedule_to_update,1,,2048,6952ce31bf653b1a
vLLM,0.20.1,h100_sxm,Qwen/Qwen3-32B,8,1,1,,bf16,bf16,bf16,bf16,ctx,1,128,256,dense,0,64,64,7.8626539989272715,0.0,0,False,dense,schedule_to_update,1,,2048,6952ce31bf653b1a
vLLM,0.20.1,h100_sxm,Qwen/Qwen3-32B,8,1,1,,bf16,bf16,bf16,bf16,ctx,1,1024,256,dense,0,64,64,18.976043250404473,0.0,0,False,dense,schedule_to_update,1,,2048,6952ce31bf653b1a
vLLM,0.20.1,h100_sxm,Qwen/Qwen3-32B,8,1,1,,bf16,bf16,bf16,bf16,ctx,1,2048,256,dense,0,64,64,32.41342050023377,0.0,0,False,dense,schedule_to_update,1,,2048,6952ce31bf653b1a
vLLM,0.20.1,h100_sxm,Qwen/Qwen3-32B,8,1,1,,bf16,bf16,bf16,bf16,ctx,1,1,512,dense,0,64,64,18.105262249264342,0.0,0,False,dense,schedule_to_update,1,,2048,6952ce31bf653b1a
vLLM,0.20.1,h100_sxm,Qwen/Qwen3-32B,8,1,1,,bf16,bf16,bf16,bf16,ctx,1,16,512,dense,0,64,64,7.559188999948674,0.0,0,False,dense,schedule_to_update,1,,2048,6952ce31bf653b1a
vLLM,0.20.1,h100_sxm,Qwen/Qwen3-32B,8,1,1,,bf16,bf16,bf16,bf16,ctx,1,128,512,dense,0,64,64,7.8975287497087265,0.0,0,False,dense,schedule_to_update,1,,2048,6952ce31bf653b1a
vLLM,0.20.1,h100_sxm,Qwen/Qwen3-32B,8,1,1,,bf16,bf16,bf16,bf16,ctx,1,1024,512,dense,0,64,64,18.925651499557716,0.0,0,False,dense,schedule_to_update,1,,2048,6952ce31bf653b1a
vLLM,0.20.1,h100_sxm,Qwen/Qwen3-32B,8,1,1,,bf16,bf16,bf16,bf16,ctx,1,2048,512,dense,0,64,64,32.61545399982424,0.0,0,False,dense,schedule_to_update,1,,2048,6952ce31bf653b1a
vLLM,0.20.1,h100_sxm,Qwen/Qwen3-32B,8,1,1,,bf16,bf16,bf16,bf16,ctx,1,1,1024,dense,0,64,64,21.142148999388155,0.0,0,False,dense,schedule_to_update,1,,2048,6952ce31bf653b1a
vLLM,0.20.1,h100_sxm,Qwen/Qwen3-32B,8,1,1,,bf16,bf16,bf16,bf16,ctx,1,16,1024,dense,0,64,64,7.598663250064419,0.0,0,False,dense,schedule_to_update,1,,2048,6952ce31bf653b1a
vLLM,0.20.1,h100_sxm,Qwen/Qwen3-32B,8,1,1,,bf16,bf16,bf16,bf16,ctx,1,128,1024,dense,0,64,64,8.0478147501708,0.0,0,False,dense,schedule_to_update,1,,2048,6952ce31bf653b1a
vLLM,0.20.1,h100_sxm,Qwen/Qwen3-32B,8,1,1,,bf16,bf16,bf16,bf16,ctx,1,1024,1024,dense,0,64,64,19.469062249299895,0.0,0,False,dense,schedule_to_update,1,,2048,6952ce31bf653b1a
vLLM,0.20.1,h100_sxm,Qwen/Qwen3-32B,8,1,1,,bf16,bf16,bf16,bf16,ctx,1,2048,1024,dense,0,64,64,32.913992749854515,0.0,0,False,dense,schedule_to_update,1,,2048,6952ce31bf653b1a
vLLM,0.20.1,h100_sxm,Qwen/Qwen3-32B,8,1,1,,bf16,bf16,bf16,bf16,ctx,1,1,2048,dense,0,64,64,33.11823749936593,0.0,0,False,dense,schedule_to_update,1,,2048,6952ce31bf653b1a
vLLM,0.20.1,h100_sxm,Qwen/Qwen3-32B,8,1,1,,bf16,bf16,bf16,bf16,ctx,1,16,2048,dense,0,64,64,7.6625907504421775,0.0,0,False,dense,schedule_to_update,1,,2048,6952ce31bf653b1a
vLLM,0.20.1,h100_sxm,Qwen/Qwen3-32B,8,1,1,,bf16,bf16,bf16,bf16,ctx,1,128,2048,dense,0,64,64,8.335770499797945,0.0,0,False,dense,schedule_to_update,1,,2048,6952ce31bf653b1a
vLLM,0.20.1,h100_sxm,Qwen/Qwen3-32B,8,1,1,,bf16,bf16,bf16,bf16,ctx,1,1024,2048,dense,0,64,64,19.623054500698345,0.0,0,False,dense,schedule_to_update,1,,2048,6952ce31bf653b1a
vLLM,0.20.1,h100_sxm,Qwen/Qwen3-32B,8,1,1,,bf16,bf16,bf16,bf16,ctx,1,2048,2048,dense,0,64,64,33.752743750483205,0.0,0,False,dense,schedule_to_update,1,,2048,6952ce31bf653b1a
vLLM,0.20.1,h100_sxm,Qwen/Qwen3-32B,8,1,1,,bf16,bf16,bf16,bf16,ctx,1,1,4096,dense,0,64,64,37.32524275073956,0.0,0,False,dense,schedule_to_update,1,,2048,6952ce31bf653b1a
vLLM,0.20.1,h100_sxm,Qwen/Qwen3-32B,8,1,1,,bf16,bf16,bf16,bf16,ctx,1,16,4096,dense,0,64,64,7.863473248107766,0.0,0,False,dense,schedule_to_update,1,,2048,6952ce31bf653b1a
vLLM,0.20.1,h100_sxm,Qwen/Qwen3-32B,8,1,1,,bf16,bf16,bf16,bf16,ctx,1,128,4096,dense,0,64,64,8.520542000042042,0.0,0,False,dense,schedule_to_update,1,,2048,6952ce31bf653b1a
vLLM,0.20.1,h100_sxm,Qwen/Qwen3-32B,8,1,1,,bf16,bf16,bf16,bf16,ctx,1,1024,4096,dense,0,64,64,20.489663500484312,0.0,0,False,dense,schedule_to_update,1,,2048,6952ce31bf653b1a
vLLM,0.20.1,h100_sxm,Qwen/Qwen3-32B,8,1,1,,bf16,bf16,bf16,bf16,ctx,1,2048,4096,dense,0,64,64,35.29267574776895,0.0,0,False,dense,schedule_to_update,1,,2048,6952ce31bf653b1a
vLLM,0.20.1,h100_sxm,Qwen/Qwen3-32B,8,1,1,,bf16,bf16,bf16,bf16,ctx,1,1,8192,dense,0,64,64,36.91403425000317,0.0,0,False,dense,schedule_to_update,1,,2048,6952ce31bf653b1a
vLLM,0.20.1,h100_sxm,Qwen/Qwen3-32B,8,1,1,,bf16,bf16,bf16,bf16,ctx,1,16,8192,dense,0,64,64,8.159306001289224,0.0,0,False,dense,schedule_to_update,1,,2048,6952ce31bf653b1a
vLLM,0.20.1,h100_sxm,Qwen/Qwen3-32B,8,1,1,,bf16,bf16,bf16,bf16,ctx,1,128,8192,dense,0,64,64,8.966945749307342,0.0,0,False,dense,schedule_to_update,1,,2048,6952ce31bf653b1a
vLLM,0.20.1,h100_sxm,Qwen/Qwen3-32B,8,1,1,,bf16,bf16,bf16,bf16,ctx,1,1024,8192,dense,0,64,64,22.107107249212277,0.0,0,False,dense,schedule_to_update,1,,2048,6952ce31bf653b1a
vLLM,0.20.1,h100_sxm,Qwen/Qwen3-32B,8,1,1,,bf16,bf16,bf16,bf16,ctx,1,2048,8192,dense,0,64,64,38.60512625033152,0.0,0,False,dense,schedule_to_update,1,,2048,6952ce31bf653b1a
vLLM,0.20.1,h100_sxm,Qwen/Qwen3-32B,8,1,1,,bf16,bf16,bf16,bf16,ctx,1,1,16384,dense,0,64,64,37.0723967498634,0.0,0,False,dense,schedule_to_update,1,,2048,6952ce31bf653b1a
vLLM,0.20.1,h100_sxm,Qwen/Qwen3-32B,8,1,1,,bf16,bf16,bf16,bf16,ctx,1,16,16384,dense,0,64,64,8.68813249962841,0.0,0,False,dense,schedule_to_update,1,,2048,6952ce31bf653b1a
vLLM,0.20.1,h100_sxm,Qwen/Qwen3-32B,8,1,1,,bf16,bf16,bf16,bf16,ctx,1,128,16384,dense,0,64,64,9.713836499940953,0.0,0,False,dense,schedule_to_update,1,,2048,6952ce31bf653b1a
vLLM,0.20.1,h100_sxm,Qwen/Qwen3-32B,8,1,1,,bf16,bf16,bf16,bf16,ctx,1,1024,16384,dense,0,64,64,26.064954749017488,0.0,0,False,dense,schedule_to_update,1,,2048,6952ce31bf653b1a
vLLM,0.20.1,h100_sxm,Qwen/Qwen3-32B,8,1,1,,bf16,bf16,bf16,bf16,ctx,1,2048,16384,dense,0,64,64,45.38752350072173,0.0,0,False,dense,schedule_to_update,1,,2048,6952ce31bf653b1a
vLLM,0.20.1,h100_sxm,Qwen/Qwen3-32B,8,1,1,,bf16,bf16,bf16,bf16,ctx,1,1,32768,dense,0,64,64,37.73754874873703,0.0,0,False,dense,schedule_to_update,1,,2048,6952ce31bf653b1a
vLLM,0.20.1,h100_sxm,Qwen/Qwen3-32B,8,1,1,,bf16,bf16,bf16,bf16,ctx,1,16,32768,dense,0,64,64,10.17897524889122,0.0,0,False,dense,schedule_to_update,1,,2048,6952ce31bf653b1a
vLLM,0.20.1,h100_sxm,Qwen/Qwen3-32B,8,1,1,,bf16,bf16,bf16,bf16,ctx,1,128,32768,dense,0,64,64,11.82909299950552,0.0,0,False,dense,schedule_to_update,1,,2048,6952ce31bf653b1a
vLLM,0.20.1,h100_sxm,Qwen/Qwen3-32B,8,1,1,,bf16,bf16,bf16,bf16,ctx,1,1024,32768,dense,0,64,64,32.96110199971736,0.0,0,False,dense,schedule_to_update,1,,2048,6952ce31bf653b1a
vLLM,0.20.1,h100_sxm,Qwen/Qwen3-32B,8,1,1,,bf16,bf16,bf16,bf16,ctx,1,2048,32768,dense,0,64,64,58.7723435010048,0.0,0,False,dense,schedule_to_update,1,,2048,6952ce31bf653b1a
vLLM,0.20.1,h100_sxm,Qwen/Qwen3-32B,8,1,1,,bf16,bf16,bf16,bf16,gen,1,1,1,dense,0,64,64,6.424863815307617,0.0,0,False,dense,execute_model_gpu,1,128,,4166d029102c3ecd
vLLM,0.20.1,h100_sxm,Qwen/Qwen3-32B,8,1,1,,bf16,bf16,bf16,bf16,gen,1,1,4096,dense,0,64,64,6.5340800285339355,0.0,0,False,dense,execute_model_gpu,1,128,,4166d029102c3ecd
vLLM,0.20.1,h100_sxm,Qwen/Qwen3-32B,8,1,1,,bf16,bf16,bf16,bf16,gen,1,1,8192,dense,0,64,64,6.689119815826416,0.0,0,False,dense,execute_model_gpu,1,128,,4166d029102c3ecd
vLLM,0.20.1,h100_sxm,Qwen/Qwen3-32B,8,1,1,,bf16,bf16,bf16,bf16,gen,1,1,16384,dense,0,64,64,6.8627519607543945,0.0,0,False,dense,execute_model_gpu,1,128,,4166d029102c3ecd
vLLM,0.20.1,h100_sxm,Qwen/Qwen3-32B,8,1,1,,bf16,bf16,bf16,bf16,gen,2,1,1,dense,0,64,64,6.440192222595215,0.0,0,False,dense,execute_model_gpu,1,128,,4166d029102c3ecd
vLLM,0.20.1,h100_sxm,Qwen/Qwen3-32B,8,1,1,,bf16,bf16,bf16,bf16,gen,2,1,4096,dense,0,64,64,6.609280109405518,0.0,0,False,dense,execute_model_gpu,1,128,,4166d029102c3ecd
vLLM,0.20.1,h100_sxm,Qwen/Qwen3-32B,8,1,1,,bf16,bf16,bf16,bf16,gen,2,1,8192,dense,0,64,64,6.749536037445068,0.0,0,False,dense,execute_model_gpu,1,128,,4166d029102c3ecd
vLLM,0.20.1,h100_sxm,Qwen/Qwen3-32B,8,1,1,,bf16,bf16,bf16,bf16,gen,2,1,16384,dense,0,64,64,6.978079795837402,0.0,0,False,dense,execute_model_gpu,1,128,,4166d029102c3ecd
vLLM,0.20.1,h100_sxm,Qwen/Qwen3-32B,8,1,1,,bf16,bf16,bf16,bf16,gen,4,1,1,dense,0,64,64,6.4692158699035645,0.0,0,False,dense,execute_model_gpu,1,128,,4166d029102c3ecd
vLLM,0.20.1,h100_sxm,Qwen/Qwen3-32B,8,1,1,,bf16,bf16,bf16,bf16,gen,4,1,4096,dense,0,64,64,6.666175842285156,0.0,0,False,dense,execute_model_gpu,1,128,,4166d029102c3ecd
vLLM,0.20.1,h100_sxm,Qwen/Qwen3-32B,8,1,1,,bf16,bf16,bf16,bf16,gen,4,1,8192,dense,0,64,64,6.9173760414123535,0.0,0,False,dense,execute_model_gpu,1,128,,4166d029102c3ecd
vLLM,0.20.1,h100_sxm,Qwen/Qwen3-32B,8,1,1,,bf16,bf16,bf16,bf16,gen,4,1,16384,dense,0,64,64,7.3230719566345215,0.0,0,False,dense,execute_model_gpu,1,128,,4166d029102c3ecd
vLLM,0.20.1,h100_sxm,Qwen/Qwen3-32B,8,1,1,,bf16,bf16,bf16,bf16,gen,8,1,1,dense,0,64,64,6.505184173583984,0.0,0,False,dense,execute_model_gpu,1,128,,4166d029102c3ecd
vLLM,0.20.1,h100_sxm,Qwen/Qwen3-32B,8,1,1,,bf16,bf16,bf16,bf16,gen,8,1,4096,dense,0,64,64,6.925951957702637,0.0,0,False,dense,execute_model_gpu,1,128,,4166d029102c3ecd
vLLM,0.20.1,h100_sxm,Qwen/Qwen3-32B,8,1,1,,bf16,bf16,bf16,bf16,gen,8,1,8192,dense,0,64,64,7.317279815673828,0.0,0,False,dense,execute_model_gpu,1,128,,4166d029102c3ecd
vLLM,0.20.1,h100_sxm,Qwen/Qwen3-32B,8,1,1,,bf16,bf16,bf16,bf16,gen,8,1,16384,dense,0,64,64,8.05174446105957,0.0,0,False,dense,execute_model_gpu,1,128,,4166d029102c3ecd
vLLM,0.20.1,h100_sxm,Qwen/Qwen3-32B,8,1,1,,bf16,bf16,bf16,bf16,gen,16,1,1,dense,0,64,64,6.560863971710205,0.0,0,False,dense,execute_model_gpu,1,128,,4166d029102c3ecd
vLLM,0.20.1,h100_sxm,Qwen/Qwen3-32B,8,1,1,,bf16,bf16,bf16,bf16,gen,16,1,4096,dense,0,64,64,7.388383865356445,0.0,0,False,dense,execute_model_gpu,1,128,,4166d029102c3ecd
vLLM,0.20.1,h100_sxm,Qwen/Qwen3-32B,8,1,1,,bf16,bf16,bf16,bf16,gen,16,1,8192,dense,0,64,64,8.142463684082031,0.0,0,False,dense,execute_model_gpu,1,128,,4166d029102c3ecd
vLLM,0.20.1,h100_sxm,Qwen/Qwen3-32B,8,1,1,,bf16,bf16,bf16,bf16,gen,16,1,16384,dense,0,64,64,9.516032218933105,0.0,0,False,dense,execute_model_gpu,1,128,,4166d029102c3ecd
vLLM,0.20.1,h100_sxm,Qwen/Qwen3-32B,8,1,1,,bf16,bf16,bf16,bf16,gen,32,1,1,dense,0,64,64,6.678719997406006,0.0,0,False,dense,execute_model_gpu,1,128,,4166d029102c3ecd
vLLM,0.20.1,h100_sxm,Qwen/Qwen3-32B,8,1,1,,bf16,bf16,bf16,bf16,gen,32,1,4096,dense,0,64,64,8.170432090759277,0.0,0,False,dense,execute_model_gpu,1,128,,4166d029102c3ecd
vLLM,0.20.1,h100_sxm,Qwen/Qwen3-32B,8,1,1,,bf16,bf16,bf16,bf16,gen,32,1,8192,dense,0,64,64,9.581215858459473,0.0,0,False,dense,execute_model_gpu,1,128,,4166d029102c3ecd
vLLM,0.20.1,h100_sxm,Qwen/Qwen3-32B,8,1,1,,bf16,bf16,bf16,bf16,gen,32,1,16384,dense,0,64,64,12.322175979614258,0.0,0,False,dense,execute_model_gpu,1,128,,4166d029102c3ecd
vLLM,0.20.1,h100_sxm,Qwen/Qwen3-32B,8,1,1,,bf16,bf16,bf16,bf16,gen,64,1,1,dense,0,64,64,6.8056960105896,0.0,0,False,dense,execute_model_gpu,1,128,,4166d029102c3ecd
vLLM,0.20.1,h100_sxm,Qwen/Qwen3-32B,8,1,1,,bf16,bf16,bf16,bf16,gen,64,1,4096,dense,0,64,64,9.7991361618042,0.0,0,False,dense,execute_model_gpu,1,128,,4166d029102c3ecd
vLLM,0.20.1,h100_sxm,Qwen/Qwen3-32B,8,1,1,,bf16,bf16,bf16,bf16,gen,64,1,8192,dense,0,64,64,12.58249568939209,0.0,0,False,dense,execute_model_gpu,1,128,,4166d029102c3ecd
vLLM,0.20.1,h100_sxm,Qwen/Qwen3-32B,8,1,1,,bf16,bf16,bf16,bf16,gen,64,1,16384,dense,0,64,64,18.203840255737305,0.0,0,False,dense,execute_model_gpu,1,128,,4166d029102c3ecd
vLLM,0.20.1,h100_sxm,Qwen/Qwen3-32B,8,1,1,,bf16,bf16,bf16,bf16,gen,128,1,1,dense,0,64,64,7.2703680992126465,0.0,0,False,dense,execute_model_gpu,1,128,,4166d029102c3ecd
vLLM,0.20.1,h100_sxm,Qwen/Qwen3-32B,8,1,1,,bf16,bf16,bf16,bf16,gen,128,1,4096,dense,0,64,64,13.055968284606934,0.0,0,False,dense,execute_model_gpu,1,128,,4166d029102c3ecd
vLLM,0.20.1,h100_sxm,Qwen/Qwen3-32B,8,1,1,,bf16,bf16,bf16,bf16,gen,128,1,8192,dense,0,64,64,18.67807960510254,0.0,0,False,dense,execute_model_gpu,1,128,,4166d029102c3ecd
vLLM,0.20.1,h100_sxm,Qwen/Qwen3-32B,1,1,1,,bf16,bf16,bf16,bf16,ctx,1,1,0,dense,0,64,64,25.94087999932526,0.0,0,False,dense,schedule_to_update,1,,2048,f72d8260480b6026
vLLM,0.20.1,h100_sxm,Qwen/Qwen3-32B,1,1,1,,bf16,bf16,bf16,bf16,ctx,1,128,0,dense,0,64,64,28.669534999608004,0.0,0,False,dense,schedule_to_update,1,,2048,f72d8260480b6026
vLLM,0.20.1,h100_sxm,Qwen/Qwen3-32B,1,1,1,,bf16,bf16,bf16,bf16,ctx,1,1024,0,dense,0,64,64,98.8225599985526,0.0,0,False,dense,schedule_to_update,1,,2048,f72d8260480b6026
vLLM,0.20.1,h100_sxm,Qwen/Qwen3-32B,1,1,1,,bf16,bf16,bf16,bf16,ctx,1,2048,0,dense,0,64,64,208.60700649973296,0.0,0,False,dense,schedule_to_update,1,,2048,f72d8260480b6026
vLLM,0.20.1,h100_sxm,Qwen/Qwen3-32B,1,1,1,,bf16,bf16,bf16,bf16,ctx,1,1,16,dense,0,64,64,26.540570750512416,0.0,0,False,dense,schedule_to_update,1,,2048,f72d8260480b6026
vLLM,0.20.1,h100_sxm,Qwen/Qwen3-32B,1,1,1,,bf16,bf16,bf16,bf16,ctx,1,128,16,dense,0,64,64,27.864333000252373,0.0,0,False,dense,schedule_to_update,1,,2048,f72d8260480b6026
vLLM,0.20.1,h100_sxm,Qwen/Qwen3-32B,1,1,1,,bf16,bf16,bf16,bf16,ctx,1,1024,16,dense,0,64,64,99.64430649961287,0.0,0,False,dense,schedule_to_update,1,,2048,f72d8260480b6026
vLLM,0.20.1,h100_sxm,Qwen/Qwen3-32B,1,1,1,,bf16,bf16,bf16,bf16,ctx,1,2048,16,dense,0,64,64,207.25822799977323,0.0,0,False,dense,schedule_to_update,1,,2048,f72d8260480b6026
vLLM,0.20.1,h100_sxm,Qwen/Qwen3-32B,1,1,1,,bf16,bf16,bf16,bf16,ctx,1,1,128,dense,0,64,64,28.97052674961742,0.0,0,False,dense,schedule_to_update,1,,2048,f72d8260480b6026
vLLM,0.20.1,h100_sxm,Qwen/Qwen3-32B,1,1,1,,bf16,bf16,bf16,bf16,ctx,1,128,128,dense,0,64,64,27.866974750395457,0.0,0,False,dense,schedule_to_update,1,,2048,f72d8260480b6026
vLLM,0.20.1,h100_sxm,Qwen/Qwen3-32B,1,1,1,,bf16,bf16,bf16,bf16,ctx,1,1024,128,dense,0,64,64,105.94235749886138,0.0,0,False,dense,schedule_to_update,1,,2048,f72d8260480b6026
vLLM,0.20.1,h100_sxm,Qwen/Qwen3-32B,1,1,1,,bf16,bf16,bf16,bf16,ctx,1,2048,128,dense,0,64,64,213.06977849963005,0.0,0,False,dense,schedule_to_update,1,,2048,f72d8260480b6026
vLLM,0.20.1,h100_sxm,Qwen/Qwen3-32B,1,1,1,,bf16,bf16,bf16,bf16,ctx,1,1,256,dense,0,64,64,36.37770424938935,0.0,0,False,dense,schedule_to_update,1,,2048,f72d8260480b6026
vLLM,0.20.1,h100_sxm,Qwen/Qwen3-32B,1,1,1,,bf16,bf16,bf16,bf16,ctx,1,128,256,dense,0,64,64,28.703240000140795,0.0,0,False,dense,schedule_to_update,1,,2048,f72d8260480b6026
vLLM,0.20.1,h100_sxm,Qwen/Qwen3-32B,1,1,1,,bf16,bf16,bf16,bf16,ctx,1,1024,256,dense,0,64,64,103.92405249967851,0.0,0,False,dense,schedule_to_update,1,,2048,f72d8260480b6026
vLLM,0.20.1,h100_sxm,Qwen/Qwen3-32B,1,1,1,,bf16,bf16,bf16,bf16,ctx,1,2048,256,dense,0,64,64,210.60847650096548,0.0,0,False,dense,schedule_to_update,1,,2048,f72d8260480b6026
vLLM,0.20.1,h100_sxm,Qwen/Qwen3-32B,1,1,1,,bf16,bf16,bf16,bf16,ctx,1,1,512,dense,0,64,64,57.00862074991164,0.0,0,False,dense,schedule_to_update,1,,2048,f72d8260480b6026
vLLM,0.20.1,h100_sxm,Qwen/Qwen3-32B,1,1,1,,bf16,bf16,bf16,bf16,ctx,1,128,512,dense,0,64,64,28.931596250004077,0.0,0,False,dense,schedule_to_update,1,,2048,f72d8260480b6026
vLLM,0.20.1,h100_sxm,Qwen/Qwen3-32B,1,1,1,,bf16,bf16,bf16,bf16,ctx,1,1024,512,dense,0,64,64,103.6324192500615,0.0,0,False,dense,schedule_to_update,1,,2048,f72d8260480b6026
vLLM,0.20.1,h100_sxm,Qwen/Qwen3-32B,1,1,1,,bf16,bf16,bf16,bf16,ctx,1,2048,512,dense,0,64,64,214.83477000037965,0.0,0,False,dense,schedule_to_update,1,,2048,f72d8260480b6026
vLLM,0.20.1,h100_sxm,Qwen/Qwen3-32B,1,1,1,,bf16,bf16,bf16,bf16,ctx,1,1,1024,dense,0,64,64,124.42658224972547,0.0,0,False,dense,schedule_to_update,1,,2048,f72d8260480b6026
vLLM,0.20.1,h100_sxm,Qwen/Qwen3-32B,1,1,1,,bf16,bf16,bf16,bf16,ctx,1,128,1024,dense,0,64,64,29.37944699988293,0.0,0,False,dense,schedule_to_update,1,,2048,f72d8260480b6026
vLLM,0.20.1,h100_sxm,Qwen/Qwen3-32B,1,1,1,,bf16,bf16,bf16,bf16,ctx,1,1024,1024,dense,0,64,64,106.02870649927354,0.0,0,False,dense,schedule_to_update,1,,2048,f72d8260480b6026
vLLM,0.20.1,h100_sxm,Qwen/Qwen3-32B,1,1,1,,bf16,bf16,bf16,bf16,ctx,1,2048,1024,dense,0,64,64,215.04515200012975,0.0,0,False,dense,schedule_to_update,1,,2048,f72d8260480b6026
vLLM,0.20.1,h100_sxm,Qwen/Qwen3-32B,1,1,1,,bf16,bf16,bf16,bf16,ctx,1,1,2048,dense,0,64,64,209.53381999970588,0.0,0,False,dense,schedule_to_update,1,,2048,f72d8260480b6026
vLLM,0.20.1,h100_sxm,Qwen/Qwen3-32B,1,1,1,,bf16,bf16,bf16,bf16,ctx,1,128,2048,dense,0,64,64,29.549931750807445,0.0,0,False,dense,schedule_to_update,1,,2048,f72d8260480b6026
vLLM,0.20.1,h100_sxm,Qwen/Qwen3-32B,1,1,1,,bf16,bf16,bf16,bf16,ctx,1,1024,2048,dense,0,64,64,106.35256199930154,0.0,0,False,dense,schedule_to_update,1,,2048,f72d8260480b6026
vLLM,0.20.1,h100_sxm,Qwen/Qwen3-32B,1,1,1,,bf16,bf16,bf16,bf16,ctx,1,2048,2048,dense,0,64,64,227.36163424906408,0.0,0,False,dense,schedule_to_update,1,,2048,f72d8260480b6026
vLLM,0.20.1,h100_sxm,Qwen/Qwen3-32B,1,1,1,,bf16,bf16,bf16,bf16,ctx,1,1,4096,dense,0,64,64,209.80867274920456,0.0,0,False,dense,schedule_to_update,1,,2048,f72d8260480b6026
vLLM,0.20.1,h100_sxm,Qwen/Qwen3-32B,1,1,1,,bf16,bf16,bf16,bf16,ctx,1,128,4096,dense,0,64,64,30.774533500334655,0.0,0,False,dense,schedule_to_update,1,,2048,f72d8260480b6026
vLLM,0.20.1,h100_sxm,Qwen/Qwen3-32B,1,1,1,,bf16,bf16,bf16,bf16,ctx,1,1024,4096,dense,0,64,64,116.61338199974125,0.0,0,False,dense,schedule_to_update,1,,2048,f72d8260480b6026
vLLM,0.20.1,h100_sxm,Qwen/Qwen3-32B,1,1,1,,bf16,bf16,bf16,bf16,ctx,1,2048,4096,dense,0,64,64,237.22132225066161,0.0,0,False,dense,schedule_to_update,1,,2048,f72d8260480b6026
vLLM,0.20.1,h100_sxm,Qwen/Qwen3-32B,1,1,1,,bf16,bf16,bf16,bf16,ctx,1,1,8192,dense,0,64,64,210.05875350056158,0.0,0,False,dense,schedule_to_update,1,,2048,f72d8260480b6026
vLLM,0.20.1,h100_sxm,Qwen/Qwen3-32B,1,1,1,,bf16,bf16,bf16,bf16,ctx,1,128,8192,dense,0,64,64,32.28331724858435,0.0,0,False,dense,schedule_to_update,1,,2048,f72d8260480b6026
vLLM,0.20.1,h100_sxm,Qwen/Qwen3-32B,1,1,1,,bf16,bf16,bf16,bf16,ctx,1,1024,8192,dense,0,64,64,129.95741800114047,0.0,0,False,dense,schedule_to_update,1,,2048,f72d8260480b6026
vLLM,0.20.1,h100_sxm,Qwen/Qwen3-32B,1,1,1,,bf16,bf16,bf16,bf16,ctx,1,2048,8192,dense,0,64,64,265.4242847493151,0.0,0,False,dense,schedule_to_update,1,,2048,f72d8260480b6026
vLLM,0.20.1,h100_sxm,Qwen/Qwen3-32B,1,1,1,,bf16,bf16,bf16,bf16,gen,1,1,1,dense,0,64,64,24.871904373168945,0.0,0,False,dense,execute_model_gpu,1,4,,49c449568fc0776f
vLLM,0.20.1,h100_sxm,Qwen/Qwen3-32B,1,1,1,,bf16,bf16,bf16,bf16,gen,1,1,4096,dense,0,64,64,25.27449607849121,0.0,0,False,dense,execute_model_gpu,1,4,,49c449568fc0776f
vLLM,0.20.1,h100_sxm,Qwen/Qwen3-32B,1,1,1,,bf16,bf16,bf16,bf16,gen,2,1,1,dense,0,64,64,24.821760177612305,0.0,0,False,dense,execute_model_gpu,1,4,,49c449568fc0776f
vLLM,0.20.1,h100_sxm,Qwen/Qwen3-32B,1,1,1,,bf16,bf16,bf16,bf16,gen,2,1,4096,dense,0,64,64,25.681312561035156,0.0,0,False,dense,execute_model_gpu,1,4,,49c449568fc0776f
vLLM,0.20.1,h100_sxm,Qwen/Qwen3-32B,1,1,1,,bf16,bf16,bf16,bf16,gen,4,1,1,dense,0,64,64,25.004287719726562,0.0,0,False,dense,execute_model_gpu,1,4,,49c449568fc0776f
vLLM,0.20.1,h100_sxm,Qwen/Qwen3-32B,1,1,1,,bf16,bf16,bf16,bf16,gen,4,1,4096,dense,0,64,64,26.484960556030273,0.0,0,False,dense,execute_model_gpu,1,4,,49c449568fc0776f
